{
  "game": "detective",
  "mode": "vc_only",
  "model": "gpt-4.1-mini",
  "num_conflicts": 72,
  "iterations": 6,
  "success": false,
  "remaining_conflicts": 65,
  "pre_edge_recall": 0.46153846153846156,
  "pre_strict_direction_match": 0.46153846153846156,
  "pre_edge_direction_accuracy": 1.0,
  "post_edge_recall": 0.46153846153846156,
  "post_strict_direction_match": 0.41025641025641024,
  "post_permissive_direction_match": 0.5641025641025641,
  "post_edge_direction_accuracy": 0.8888888888888888,
  "edge_recall_delta": 0.0,
  "strict_direction_delta": -0.05128205128205132
}