{
  "game": "advent",
  "mode": "edge_impact",
  "model": "gpt-4.1-mini",
  "num_conflicts": 69,
  "iterations": 2,
  "success": false,
  "remaining_conflicts": 59,
  "pre_edge_recall": 0.5098039215686274,
  "pre_strict_direction_match": 0.5098039215686274,
  "pre_edge_direction_accuracy": 1.0,
  "post_edge_recall": 0.5098039215686274,
  "post_strict_direction_match": 0.49019607843137253,
  "post_permissive_direction_match": 0.8627450980392157,
  "post_edge_direction_accuracy": 0.9615384615384616,
  "edge_recall_delta": 0.0,
  "strict_direction_delta": -0.019607843137254888
}