{
  "game": "ballyhoo",
  "mode": "edge_impact",
  "model": "gpt-4.1-mini",
  "num_conflicts": 34,
  "iterations": 11,
  "success": false,
  "remaining_conflicts": 35,
  "pre_edge_recall": 0.5151515151515151,
  "pre_strict_direction_match": 0.5151515151515151,
  "pre_edge_direction_accuracy": 1.0,
  "post_edge_recall": 0.5151515151515151,
  "post_strict_direction_match": 0.48484848484848486,
  "post_permissive_direction_match": 0.9393939393939394,
  "post_edge_direction_accuracy": 0.9411764705882353,
  "edge_recall_delta": 0.0,
  "strict_direction_delta": -0.030303030303030276
}