{
  "game": "omniquest",
  "mode": "edge_impact",
  "model": "gpt-4.1-mini",
  "num_conflicts": 65,
  "iterations": 2,
  "success": false,
  "remaining_conflicts": 62,
  "pre_edge_recall": 0.47368421052631576,
  "pre_strict_direction_match": 0.47368421052631576,
  "pre_edge_direction_accuracy": 1.0,
  "post_edge_recall": 0.47368421052631576,
  "post_strict_direction_match": 0.45614035087719296,
  "post_permissive_direction_match": 0.8947368421052632,
  "post_edge_direction_accuracy": 0.9629629629629629,
  "edge_recall_delta": 0.0,
  "strict_direction_delta": -0.017543859649122806
}