{
  "game": "zork3",
  "mode": "edge_impact",
  "model": "gpt-4.1-mini",
  "num_conflicts": 50,
  "iterations": 14,
  "success": false,
  "remaining_conflicts": 55,
  "pre_edge_recall": 0.47368421052631576,
  "pre_strict_direction_match": 0.47368421052631576,
  "pre_edge_direction_accuracy": 1.0,
  "post_edge_recall": 0.47368421052631576,
  "post_strict_direction_match": 0.42105263157894735,
  "post_permissive_direction_match": 0.7105263157894737,
  "post_edge_direction_accuracy": 0.8888888888888888,
  "edge_recall_delta": 0.0,
  "strict_direction_delta": -0.05263157894736842
}