{
  "game": "sherlock",
  "mode": "baseline",
  "model": "gpt-4.1-mini",
  "num_conflicts": 21,
  "iterations": 3,
  "success": false,
  "remaining_conflicts": 20,
  "pre_edge_recall": 0.4482758620689655,
  "pre_strict_direction_match": 0.41379310344827586,
  "pre_edge_direction_accuracy": 0.9230769230769231,
  "post_edge_recall": 0.4482758620689655,
  "post_strict_direction_match": 0.3103448275862069,
  "post_permissive_direction_match": 0.6206896551724138,
  "post_edge_direction_accuracy": 0.6923076923076923,
  "edge_recall_delta": 0.0,
  "strict_direction_delta": -0.10344827586206895
}