{
  "game": "enchanter",
  "num_conflicts": 0,
  "iterations": 0,
  "success": true,
  "pre_edge_recall": 0.46153846153846156,
  "pre_strict_direction_match": 0.46153846153846156,
  "post_edge_recall": 0.46153846153846156,
  "post_strict_direction_match": 0.46153846153846156,
  "post_permissive_direction_match": 0.9230769230769231,
  "strict_direction_delta": 0.0,
  "edge_recall_delta": 0.0
}