{
  "game": "sherlock",
  "num_conflicts": 21,
  "iterations": 2,
  "success": false,
  "remaining_conflicts": 10,
  "pre_edge_recall": 0.4482758620689655,
  "pre_strict_direction_match": 0.41379310344827586,
  "pre_edge_direction_accuracy": 0.9230769230769231,
  "post_edge_recall": 0.4482758620689655,
  "post_strict_direction_match": 0.3793103448275862,
  "post_permissive_direction_match": 0.7586206896551724,
  "post_edge_direction_accuracy": 0.8461538461538461,
  "edge_recall_delta": 0.0,
  "strict_direction_delta": -0.03448275862068967
}